ArtikelNummer;ArtikelNaam;ArtikelGroep;ArtikelVoorraadPrijs;StandaardBestelPrijs;StandaardVerkoopPrijs;LeverancierNummer;MinimumVoorraad;FysiekeVoorraad;EconomischeVoorraad;BestelHoeveelheid;LaatsteInventarisatieDatum;LaatsteHerwaarderingsDatum
"A10001";"Buis 10x1";"Aluminium";0,57;0,57;0,69;"L003";4200;4210;4270;5;20241231;20241003
"A10002";"Buis 12x1";"Aluminium";0,46;0,46;0,58;"L004";550;500;500;5;20241231;20221231
"A10003";"Buis 15x1,5";"Aluminium";0,83;0,83;1,04;"L001";5100;4709;4784;5;20241231;20221231
"A10004";"Buis 20x2";"Aluminium";1,42;1,42;1,78;"L001";550;567;567;5;20241231;20221231
"A10005";"Buis 33x3";"Aluminium";3,8;3,8;4,75;"L001";5950;5009;5041;5;20241231;20221231
"A10006";"Buis 42x3";"Aluminium";4,56;4,56;5,7;"L001";14200;14621;14743;5;20241231;20221231
"A10007";"Buis 40x5";"Aluminium";6,81;6,81;8,51;"L004";150;131;131;5;20241231;20221231
"A10008";"Buis 45x2";"Aluminium";3,52;3,52;4,22;"L003";5450;5155;5195;5;20241231;20241003
"A10009";"Plat 20x5";"Aluminium";1,35;1,35;1,62;"L003";1750;1466;1466;5;20241231;20241003
"A10010";"Plat 20x8";"Aluminium";1,72;1,72;2,15;"L004";250;211;211;5;20241231;20221231
"A10011";"Plat 25x5";"Aluminium";1,57;1,57;1,96;"L004";2800;2930;2930;5;20241231;20221231
"A10012";"Plat 30x5";"Aluminium";1,89;1,89;2,36;"L004";15100;12722;12945;5;20241231;20221231
"A10013";"Plat 30x8";"Aluminium";2,6;2,6;3,25;"L002";200;166;166;5;20241231;20221231
"A10014";"Plat 30x10";"Aluminium";3,88;3,88;4,66;"L003";150;132;132;5;20241231;20241003
"A10015";"Plat 40x5";"Aluminium";2,49;2,49;3,11;"L002";1000;789;844;5;20241231;20221231
"A10016";"Plat 40x8";"Aluminium";3,96;3,96;4,95;"L006";11600;9771;9907;5;20241231;20221231
"A10017";"Plat 50x5";"Aluminium";3,26;3,26;3,91;"L003";3600;3128;3124;5;20241231;20241003
"A10018";"Plat 50x10";"Aluminium";6,46;6,46;7,76;"L003";4450;4250;4310;5;20241231;20241003
"A10019";"U-profiel 20x20x2";"Aluminium";1,38;1,38;1,73;"L001";2150;1795;1795;5;20241231;20221231
"A10020";"U-profiel 25x25x2";"Aluminium";1,79;1,79;2,24;"L004";1000;812;922;5;20241231;20221231
"A10021";"U-profiel 30x30x3";"Aluminium";3,26;3,26;3,91;"L003";100;92;92;5;20241231;20241003
"A10022";"U-profiel 35x35x2";"Aluminium";2,29;2,29;2,75;"L003";6950;6935;7035;5;20241231;20241003
"A10023";"U-profiel 40x40x3";"Aluminium";4,23;4,23;5,29;"L002";2400;2410;2410;5;20241231;20221231
"A10024";"U-profiel 50x50x3";"Aluminium";5,48;5,48;6,85;"L001";200;205;205;5;20241231;20221231
"A10025";"U-profiel 20x30x2";"Aluminium";1,73;1,73;2,07;"L003";850;796;796;5;20241231;20241003
"A10026";"U-profiel 30x20x2";"Aluminium";1,66;1,66;2,07;"L004";2650;2221;2276;5;20241231;20221231
"A10027";"U-profiel 40x20x2";"Aluminium";1,89;1,89;2,36;"L004";3500;3270;3341;5;20241231;20221231
"A10028";"U-profiel 50x25x3";"Aluminium";3,16;3,16;3,8;"L003";2150;1983;2083;5;20241231;20241003
"A10029";"U-profiel 50x30x3";"Aluminium";3,86;3,86;4,83;"L004";450;462;462;5;20241231;20221231
"A10030";"U-profiel 60x40x3";"Aluminium";4,53;4,53;5,45;"L003";700;723;723;5;20241231;20241003
"S10031";"RondÂ staal 6";"Staal";0,5;0,5;0,54;"L004";600;566;566;5;20241231;20221231
"S10032";"RondÂ staal 8";"Staal";0,56;0,56;0,58;"L003";1300;1233;1248;5;20241231;20241003
"S10033";"RondÂ staal 10";"Staal";0,78;0,78;0,84;"L006";800;680;680;5;20241231;20221231
"S10034";"RondÂ staal 12";"Staal";1,18;1,18;1,22;"L003";3100;2749;2809;5;20241231;20241003
"S10035";"RondÂ staal 14";"Staal";1,55;1,55;1,61;"L003";400;397;397;5;20241231;20241003
"S10036";"RondÂ staal 16";"Staal";1,96;1,96;2,12;"L002";550;521;517;5;20241231;20221231
"S10037";"RondÂ staal 18";"Staal";3,1;3,1;3,35;"L001";2400;2486;2486;5;20241231;20221231
"S10038";"RondÂ staal 20";"Staal";3;3;3,24;"L004";1500;1266;1266;5;20241231;20221231
"S10039";"RondÂ staal 22";"Staal";3,99;3,99;4,31;"L001";150;134;134;5;20241231;20221231
"S10040";"RondÂ staal 25";"Staal";4,66;4,66;5,04;"L002";150;149;149;5;20241231;20221231
"S10041";"RondÂ staal 30";"Staal";6,89;6,89;7,45;"L001";15800;15111;15333;5;20241231;20221231
"S10042";"VierkantÂ staal 6";"Staal";0,38;0,38;0,41;"L001";300;283;283;5;20241231;20221231
"S10043";"VierkantÂ staal 8";"Staal";0,7;0,7;0,76;"L001";1300;1116;1116;5;20241231;20221231
"S10044";"VierkantÂ staal 10";"Staal";1,06;1,06;1,15;"L004";650;557;557;5;20241231;20221231
"S10045";"VierkantÂ staal 12";"Staal";1,57;1,57;1,63;"L003";1800;1885;1885;5;20241231;20241003
"S10046";"VierkantÂ staal 14";"Staal";2,23;2,23;2,41;"L001";350;313;313;5;20241231;20221231
"S10047";"VierkantÂ staal 16";"Staal";2,65;2,65;2,86;"L004";350;322;322;5;20241231;20221231
"S10048";"VierkantÂ staal 18";"Staal";3,71;3,71;4,01;"L001";13050;13373;13450;5;20241231;20221231
"S10049";"VierkantÂ staal 20";"Staal";3,96;3,96;4,12;"L003";13450;13241;13511;5;20241231;20241003
"S10050";"VierkantÂ staal 25";"Staal";5,99;5,99;6,48;"L001";1550;1549;1549;5;20241231;20221231
"S10051";"VierkantÂ staal 30";"Staal";9,98;9,98;10,38;"L003";3750;3358;3403;5;20241231;20241003
"S10052";"VierkantÂ staal 40";"Staal";18,48;18,48;19,21;"L003";250;252;252;5;20241231;20241003
